County,State,Population,Uninsured
Autauga,Alabama,54264,5720
Baldwin,Alabama,184805,25515
Barbour,Alabama,24435,4223
Bibb,Alabama,21438,3238
Blount,Alabama,57155,7183
Butler,Alabama,20370,2438
Calhoun,Alabama,116487,16169
Chambers,Alabama,33721,5499
Cherokee,Alabama,25609,3640
Chilton,Alabama,43462,7269
Clarke,Alabama,25261,4373
Coffee,Alabama,48243,6078
Colbert,Alabama,53996,6337
Covington,Alabama,37446,5342
Cullman,Alabama,79723,11773
Dale,Alabama,47567,6378
Dallas,Alabama,43001,6672
DeKalb,Alabama,70576,11742
Elmore,Alabama,74541,8404
Escambia,Alabama,35758,8408
Etowah,Alabama,103071,16130
Franklin,Alabama,31454,5625
Geneva,Alabama,26569,4314
Houston,Alabama,101367,14769
Jackson,Alabama,52662,8812
Jefferson,Alabama,651329,85696
Lauderdale,Alabama,91839,11426
Lawrence,Alabama,33775,4485
Lee,Alabama,141655,17759
Limestone,Alabama,80780,10281
Macon,Alabama,20754,3039
Madison,Alabama,335933,42333
Marengo,Alabama,20452,2607
Marion,Alabama,29662,3875
Marshall,Alabama,93003,15936
Mobile,Alabama,406747,66451
Monroe,Alabama,22564,3679
Montgomery,Alabama,224246,31860
Morgan,Alabama,118466,19474
Pike,Alabama,32798,4103
Randolph,Alabama,22498,3264
Russell,Alabama,53608,9388
St. Clair,Alabama,82486,11247
Shelby,Alabama,196926,19751
Talladega,Alabama,79293,11622
Tallapoosa,Alabama,40840,5708
Tuscaloosa,Alabama,195169,24670
Walker,Alabama,65789,10031
Winston,Alabama,23873,3739
Anchorage Municipality,Alaska,284932,48014
Fairbanks North Star Borough,Alaska,93201,15165
Juneau City and Borough,Alaska,31602,5638
Kenai Peninsula Borough,Alaska,55035,12349
Matanuska-Susitna Borough,Alaska,90477,18001
Apache,Arizona,71647,17825
Cochise,Arizona,121126,16581
Coconino,Arizona,134290,28806
Gila,Arizona,52637,9520
Graham,Arizona,33631,6402
La Paz,Arizona,20170,3097
Maricopa,Arizona,3849059,669326
Mohave,Arizona,194670,33701
Navajo,Arizona,105206,18528
Pima,Arizona,969969,144053
Pinal,Arizona,362359,58030
Santa Cruz,Arizona,47195,10575
Yavapai,Arizona,209596,32805
Yuma,Arizona,190281,41473
Ashley,Arkansas,21456,3352
Baxter,Arkansas,40762,5678
Benton,Arkansas,225864,34472
Boone,Arkansas,36677,6064
Carroll,Arkansas,27325,5518
Clark,Arkansas,22518,3513
Cleburne,Arkansas,25554,4802
Columbia,Arkansas,24253,3450
Conway,Arkansas,21003,3435
Craighead,Arkansas,97299,17057
Crawford,Arkansas,61435,11455
Crittenden,Arkansas,49883,8755
Faulkner,Arkansas,115159,15693
Garland,Arkansas,95033,18485
Greene,Arkansas,42189,7191
Hempstead,Arkansas,22238,4401
Hot Spring,Arkansas,31485,5067
Independence,Arkansas,36408,6515
Jefferson,Arkansas,71834,10202
Johnson,Arkansas,25522,3962
Logan,Arkansas,21893,3595
Lonoke,Arkansas,67540,9801
Miller,Arkansas,42461,7879
Mississippi,Arkansas,45135,7881
Ouachita,Arkansas,25342,3200
Phillips,Arkansas,21077,3121
Poinsett,Arkansas,24111,4807
Polk,Arkansas,20433,4357
Pope,Arkansas,61943,9965
Pulaski,Arkansas,380231,60088
St. Francis,Arkansas,24149,4307
Saline,Arkansas,108308,13448
Sebastian,Arkansas,125332,24114
Union,Arkansas,40779,6222
Washington,Arkansas,206073,39264
White,Arkansas,77225,12745
Yell,Arkansas,21763,4133
Alameda,California,1521060,195466
Amador,California,33087,4141
Butte,California,218342,37281
Calaveras,California,44644,4938
Colusa,California,21206,4705
Contra Costa,California,1060548,129753
Del Norte,California,24939,3562
El Dorado,California,179871,19286
Fresno,California,929419,189143
Glenn,California,27772,5615
Humboldt,California,133889,25909
Imperial,California,165133,34294
Kern,California,818660,169363
Kings,California,131188,24677
Lake,California,63669,12299
Lassen,California,23493,2448
Los Angeles,California,9820623,2223240
Madera,California,143386,30451
Marin,California,248527,22223
Mendocino,California,86531,15040
Merced,California,256788,49609
Monterey,California,402276,86644
Napa,California,135828,21296
Nevada,California,97627,15103
Orange,California,3037778,531809
Placer,California,353749,36969
Plumas,California,19501,3262
Riverside,California,2212594,453398
Sacramento,California,1418144,207280
San Benito,California,55978,8833
San Bernardino,California,2024485,425876
San Diego,California,3040377,524610
San Francisco,California,810767,90934
San Joaquin,California,686298,120251
San Luis Obispo,California,263987,39351
San Mateo,California,725172,82192
Santa Barbara,California,420348,79151
Santa Clara,California,1802611,212244
Santa Cruz,California,263622,37937
Shasta,California,176626,27799
Siskiyou,California,44318,6550
Solano,California,400109,50682
Sonoma,California,483558,69809
Stanislaus,California,514864,91385
Sutter,California,93299,17519
Tehama,California,62780,10664
Tulare,California,443401,98610
Tuolumne,California,51198,7162
Ventura,California,822788,134107
Yolo,California,200907,25170
Yuba,California,70002,11672
Adams,Colorado,447761,96016
Arapahoe,Colorado,580170,94857
Boulder,Colorado,298465,32797
Broomfield,Colorado,56960,5255
Delta,Colorado,29538,6331
Denver,Colorado,612247,107014
Douglas,Colorado,291690,18030
Eagle,Colorado,51775,9013
Elbert,Colorado,23111,2773
El Paso,Colorado,605898,84640
Fremont,Colorado,35988,4463
Garfield,Colorado,55577,16982
Jefferson,Colorado,533894,64456
La Plata,Colorado,51336,9268
Larimer,Colorado,303044,37162
Logan,Colorado,22147,4247
Mesa,Colorado,145943,25318
Montezuma,Colorado,25176,5427
Montrose,Colorado,40465,8204
Morgan,Colorado,27739,5240
Pueblo,Colorado,156558,22186
Routt,Colorado,23240,3080
Summit,Colorado,27907,6003
Teller,Colorado,23072,2916
Weld,Colorado,255608,40689
Fairfield,Connecticut,917653,104561
Hartford,Connecticut,879824,73513
Litchfield,Connecticut,187045,13391
Middlesex,Connecticut,163827,12495
New Haven,Connecticut,851938,75775
New London,Connecticut,262238,20157
Tolland,Connecticut,148796,7651
Windham,Connecticut,116312,9705
Kent,Delaware,161755,12888
New Castle,Delaware,534207,48863
Sussex,Delaware,197770,22287
District of Columbia,District of Columbia,608396,41196
Alachua,Florida,246520,38710
Baker,Florida,24696,3343
Bay,Florida,165266,31416
Bradford,Florida,23943,4082
Brevard,Florida,538509,90369
Broward,Florida,1773159,408152
Charlotte,Florida,157807,26198
Citrus,Florida,138234,21645
Clay,Florida,189612,26098
Collier,Florida,325792,74177
Columbia,Florida,63676,12439
DeSoto,Florida,32655,9713
Duval,Florida,855214,147956
Escambia,Florida,283138,49701
Flagler,Florida,96748,16784
Gadsden,Florida,44928,9781
Hardee,Florida,25499,8052
Hendry,Florida,36087,11966
Hernando,Florida,171552,30765
Highlands,Florida,97329,17000
Hillsborough,Florida,1249385,238661
Indian River,Florida,137916,26104
Jackson,Florida,41719,6712
Lake,Florida,296825,45398
Lee,Florida,628062,133981
Leon,Florida,276061,36941
Levy,Florida,39779,7976
Manatee,Florida,325422,61787
Marion,Florida,325877,63751
Martin,Florida,144939,24272
Miami-Dade,Florida,2522875,770609
Monroe,Florida,72312,20966
Nassau,Florida,73280,12390
Okaloosa,Florida,174760,27974
Okeechobee,Florida,37179,8683
Orange,Florida,1162119,259941
Osceola,Florida,276054,64639
Palm Beach,Florida,1326095,268671
Pasco,Florida,462531,75302
Pinellas,Florida,906400,161864
Polk,Florida,599013,114322
Putnam,Florida,72686,15312
St. Johns,Florida,194703,23082
St. Lucie,Florida,279166,61989
Santa Rosa,Florida,148844,20950
Sarasota,Florida,378816,63210
Seminole,Florida,424350,76486
Sumter,Florida,89247,9960
Suwannee,Florida,41844,8452
Taylor,Florida,19360,2777
Volusia,Florida,489273,90311
Wakulla,Florida,27315,3128
Walton,Florida,54179,9404
Washington,Florida,22383,3770
Baldwin,Georgia,43153,6920
Barrow,Georgia,69562,13319
Bartow,Georgia,99414,20195
Bibb,Georgia,152332,26641
Bryan,Georgia,30118,5084
Bulloch,Georgia,71286,14019
Burke,Georgia,23050,4133
Butts,Georgia,21460,4225
Camden,Georgia,46867,6043
Carroll,Georgia,109751,22479
Catoosa,Georgia,64206,9765
Chatham,Georgia,264562,52222
Chattooga,Georgia,23913,4933
Cherokee,Georgia,217435,31986
Clarke,Georgia,117647,19365
Clayton,Georgia,259327,72241
Cobb,Georgia,692379,126160
Coffee,Georgia,39594,9599
Colquitt,Georgia,45177,11521
Columbia,Georgia,125962,15813
Coweta,Georgia,128733,18581
Crisp,Georgia,23115,4136
Dawson,Georgia,22141,3697
Decatur,Georgia,26448,6224
DeKalb,Georgia,690247,155566
Dodge,Georgia,19301,3196
Dougherty,Georgia,92930,19513
Douglas,Georgia,131942,23263
Effingham,Georgia,52301,8880
Elbert,Georgia,19662,3834
Emanuel,Georgia,21856,5055
Fannin,Georgia,23407,3664
Fayette,Georgia,106532,10261
Floyd,Georgia,94320,17649
Forsyth,Georgia,181792,28195
Franklin,Georgia,21758,3994
Fulton,Georgia,942738,169769
Gilmer,Georgia,27991,5407
Glynn,Georgia,79453,17483
Gordon,Georgia,54941,12171
Grady,Georgia,25047,6268
Gwinnett,Georgia,820464,179932
Habersham,Georgia,41051,7851
Hall,Georgia,180535,38427
Haralson,Georgia,28090,5093
Harris,Georgia,31839,3432
Hart,Georgia,24626,5224
Henry,Georgia,205904,34918
Houston,Georgia,140226,20237
Jackson,Georgia,60107,10690
Jones,Georgia,28401,4593
Laurens,Georgia,47106,7432
Lee,Georgia,26876,4316
Liberty,Georgia,58408,7868
Lowndes,Georgia,107117,22977
Lumpkin,Georgia,30053,4990
McDuffie,Georgia,21423,4285
Madison,Georgia,27872,5257
Meriwether,Georgia,21364,4741
Mitchell,Georgia,21248,4371
Monroe,Georgia,25379,4093
Murray,Georgia,39241,8340
Muscogee,Georgia,180406,28323
Newton,Georgia,99972,19305
Oconee,Georgia,33062,2917
Paulding,Georgia,143053,20062
Peach,Georgia,27490,6066
Pickens,Georgia,29095,4740
Polk,Georgia,40819,8981
Putnam,Georgia,21068,3170
Richmond,Georgia,192162,34577
Rockdale,Georgia,84929,17589
Spalding,Georgia,63048,12309
Stephens,Georgia,25892,4591
Sumter,Georgia,31214,5048
Tattnall,Georgia,20578,4753
Thomas,Georgia,43959,9579
Tift,Georgia,40343,9129
Toombs,Georgia,27001,6557
Troup,Georgia,66403,12267
Union,Georgia,20981,3619
Upson,Georgia,26378,5052
Walker,Georgia,67229,11997
Walton,Georgia,83656,12354
Ware,Georgia,33666,7314
Washington,Georgia,19489,3989
Wayne,Georgia,28117,7096
White,Georgia,27172,5692
Whitfield,Georgia,102147,24563
Worth,Georgia,21591,4912
Hawaii,Hawaii,185988,17781
Honolulu,Hawaii,921038,56019
Kauai,Hawaii,66959,6940
Maui,Hawaii,155065,15523
Ada,Idaho,395253,53498
Bannock,Idaho,82206,12462
Bingham,Idaho,45444,7827
Blaine,Idaho,21129,3787
Bonner,Idaho,40421,7470
Bonneville,Idaho,104902,14544
Canyon,Idaho,190257,37402
Cassia,Idaho,22780,4375
Elmore,Idaho,24089,3604
Jefferson,Idaho,26301,3774
Jerome,Idaho,22370,6414
Kootenai,Idaho,139907,24761
Latah,Idaho,37588,3691
Madison,Idaho,37401,3429
Minidoka,Idaho,19997,4415
Nez Perce,Idaho,38763,5670
Payette,Idaho,22386,5808
Twin Falls,Idaho,76727,16532
Adams,Illinois,65883,6543
Boone,Illinois,53794,6641
Bureau,Illinois,34207,4051
Champaign,Illinois,200814,20335
Christian,Illinois,33101,3509
Clinton,Illinois,36122,2667
Coles,Illinois,53033,6374
Cook,Illinois,5173629,881355
DeKalb,Illinois,103996,10472
DuPage,Illinois,917352,87032
Effingham,Illinois,33869,2986
Fayette,Illinois,20989,2741
Franklin,Illinois,39037,4899
Fulton,Illinois,34799,3104
Grundy,Illinois,49880,5051
Henry,Illinois,49568,4291
Iroquois,Illinois,28869,2735
Jackson,Illinois,59463,7009
Jefferson,Illinois,36930,4409
Jersey,Illinois,22497,2184
Jo Daviess,Illinois,22474,1993
Kane,Illinois,515922,69545
Kankakee,Illinois,111227,13434
Kendall,Illinois,116349,8827
Knox,Illinois,49887,5238
Lake,Illinois,687386,79450
LaSalle,Illinois,111086,11612
Lee,Illinois,33225,3233
Livingston,Illinois,33895,2725
Logan,Illinois,22912,1856
McDonough,Illinois,32177,3031
McHenry,Illinois,307227,27843
McLean,Illinois,169769,13033
Macon,Illinois,108290,11763
Macoupin,Illinois,46966,4753
Madison,Illinois,265239,26813
Marion,Illinois,38437,4462
Monroe,Illinois,32929,2071
Montgomery,Illinois,24011,1560
Morgan,Illinois,33889,3474
Ogle,Illinois,52589,4495
Peoria,Illinois,184322,20304
Perry,Illinois,20307,2569
Randolph,Illinois,30419,2715
Rock Island,Illinois,145238,15572
St. Clair,Illinois,263684,29903
Saline,Illinois,24266,3174
Sangamon,Illinois,196469,19274
Shelby,Illinois,22049,2131
Stephenson,Illinois,46642,4865
Tazewell,Illinois,133449,11678
Vermilion,Illinois,79445,9776
Whiteside,Illinois,57322,6882
Will,Illinois,675016,63891
Williamson,Illinois,64789,7563
Winnebago,Illinois,290398,38171
Woodford,Illinois,38306,2920
Adams,Indiana,34008,8693
Allen,Indiana,354596,53986
Bartholomew,Indiana,76841,9977
Boone,Indiana,57287,4843
Carroll,Indiana,19966,2923
Cass,Indiana,37932,6781
Clark,Indiana,109951,15312
Clay,Indiana,26546,3940
Clinton,Indiana,32478,5329
Daviess,Indiana,31459,6825
Dearborn,Indiana,49420,5469
Decatur,Indiana,25595,3773
DeKalb,Indiana,41931,5730
Delaware,Indiana,115776,15976
Dubois,Indiana,41346,3864
Elkhart,Indiana,196294,39147
Fayette,Indiana,23724,4656
Floyd,Indiana,74003,9088
Franklin,Indiana,22912,2523
Fulton,Indiana,20575,2954
Gibson,Indiana,33029,3653
Grant,Indiana,68538,10657
Greene,Indiana,32757,4877
Hamilton,Indiana,281448,21588
Hancock,Indiana,69923,7910
Harrison,Indiana,38817,4204
Hendricks,Indiana,144784,12745
Henry,Indiana,46146,8381
Howard,Indiana,81873,10665
Huntington,Indiana,36582,4643
Jackson,Indiana,42288,6261
Jasper,Indiana,33095,4052
Jay,Indiana,21077,2759
Jefferson,Indiana,31335,4477
Jennings,Indiana,27986,3967
Johnson,Indiana,139349,15789
Knox,Indiana,37419,5982
Kosciusko,Indiana,76640,12637
LaGrange,Indiana,37215,17019
Lake,Indiana,491293,75179
LaPorte,Indiana,102624,13066
Lawrence,Indiana,45471,7421
Madison,Indiana,126230,20061
Marion,Indiana,901769,156623
Marshall,Indiana,46576,7516
Miami,Indiana,34798,5113
Monroe,Indiana,138968,16347
Montgomery,Indiana,37728,5069
Morgan,Indiana,68585,9365
Noble,Indiana,46792,7201
Owen,Indiana,21236,3820
Porter,Indiana,163870,19259
Posey,Indiana,25485,1904
Putnam,Indiana,34680,4533
Randolph,Indiana,25672,3607
Ripley,Indiana,28334,2987
St. Joseph,Indiana,264066,37804
Scott,Indiana,23711,3565
Shelby,Indiana,43764,7042
Spencer,Indiana,20714,1978
Starke,Indiana,23210,3333
Steuben,Indiana,33824,4281
Sullivan,Indiana,19084,3213
Tippecanoe,Indiana,173563,21913
Vanderburgh,Indiana,177845,23236
Vigo,Indiana,103891,17023
Wabash,Indiana,31580,3173
Warrick,Indiana,59486,5687
Washington,Indiana,27834,3885
Wayne,Indiana,67546,13339
Wells,Indiana,27178,2527
White,Indiana,24222,2896
Whitley,Indiana,32881,3071
Benton,Iowa,25772,1801
Black Hawk,Iowa,130034,10824
Boone,Iowa,25693,2184
Bremer,Iowa,23991,951
Buchanan,Iowa,20671,1916
Buena Vista,Iowa,20081,1947
Carroll,Iowa,20376,1228
Cerro Gordo,Iowa,43261,3801
Clinton,Iowa,48531,4229
Dallas,Iowa,69009,4541
Des Moines,Iowa,39652,2917
Dubuque,Iowa,93275,5619
Fayette,Iowa,20508,2089
Henry,Iowa,19319,1739
Jackson,Iowa,19556,1786
Jasper,Iowa,34945,3080
Johnson,Iowa,132025,9314
Jones,Iowa,19291,1106
Lee,Iowa,34854,4224
Linn,Iowa,211672,16125
Mahaska,Iowa,22221,1587
Marion,Iowa,33012,2010
Marshall,Iowa,39706,3576
Muscatine,Iowa,42318,5225
Plymouth,Iowa,24631,1344
Polk,Iowa,433187,37030
Pottawattamie,Iowa,92195,10888
Scott,Iowa,165507,16930
Sioux,Iowa,33549,2611
Story,Iowa,89816,5704
Wapello,Iowa,35026,4129
Warren,Iowa,46095,2669
Washington,Iowa,21510,2222
Webster,Iowa,36119,4393
Winneshiek,Iowa,20764,1139
Woodbury,Iowa,101493,12579
Barton,Kansas,27292,4231
Butler,Kansas,64264,6761
Cherokee,Kansas,21192,3252
Cowley,Kansas,35181,4300
Crawford,Kansas,38560,6109
Douglas,Kansas,111409,15972
Ellis,Kansas,28438,3291
Finney,Kansas,36832,6194
Ford,Kansas,33899,6478
Franklin,Kansas,25776,2630
Geary,Kansas,32488,3369
Harvey,Kansas,34078,3877
Johnson,Kansas,548684,48970
Labette,Kansas,21065,3084
Leavenworth,Kansas,69611,6506
Lyon,Kansas,33315,5627
McPherson,Kansas,28630,2485
Miami,Kansas,32178,3357
Montgomery,Kansas,34351,5690
Pottawatomie,Kansas,21486,1709
Reno,Kansas,62002,9048
Riley,Kansas,66591,5330
Saline,Kansas,55137,9473
Sedgwick,Kansas,494997,73707
Seward,Kansas,23026,4842
Shawnee,Kansas,175416,23268
Sumner,Kansas,23426,2352
Wyandotte,Kansas,157098,38600
Anderson,Kentucky,21485,2781
Barren,Kentucky,41525,6224
Bell,Kentucky,27651,5722
Boone,Kentucky,120663,10124
Boyd,Kentucky,47231,6935
Boyle,Kentucky,27491,3900
Breckinridge,Kentucky,19866,3619
Bullitt,Kentucky,74894,7294
Calloway,Kentucky,36978,4201
Campbell,Kentucky,89693,11559
Carter,Kentucky,27161,4500
Christian,Kentucky,65951,11391
Clark,Kentucky,35263,5244
Clay,Kentucky,19938,3033
Daviess,Kentucky,95471,12198
Fayette,Kentucky,295905,42564
Floyd,Kentucky,38489,7425
Franklin,Kentucky,48437,6749
Grant,Kentucky,24263,3202
Graves,Kentucky,36941,5795
Grayson,Kentucky,25484,3960
Greenup,Kentucky,36371,5576
Hardin,Kentucky,99630,12989
Harlan,Kentucky,28533,5662
Henderson,Kentucky,45292,7010
Hopkins,Kentucky,45954,6878
Jefferson,Kentucky,737788,100193
Jessamine,Kentucky,48515,6998
Johnson,Kentucky,22986,3365
Kenton,Kentucky,158886,21938
Knox,Kentucky,31515,4799
Laurel,Kentucky,58608,11929
Letcher,Kentucky,24118,3975
Lincoln,Kentucky,24433,4236
Logan,Kentucky,26450,4655
McCracken,Kentucky,64491,9158
Madison,Kentucky,83313,13130
Marshall,Kentucky,30847,3457
Meade,Kentucky,28412,4251
Mercer,Kentucky,21142,3156
Montgomery,Kentucky,26347,3598
Muhlenberg,Kentucky,29986,4640
Nelson,Kentucky,43674,5937
Ohio,Kentucky,23655,2856
Oldham,Kentucky,56428,4289
Perry,Kentucky,28026,5654
Pike,Kentucky,63922,9575
Pulaski,Kentucky,62603,9450
Rowan,Kentucky,23215,4688
Scott,Kentucky,47894,4537
Shelby,Kentucky,41608,5817
Taylor,Kentucky,24360,4379
Warren,Kentucky,114461,17131
Wayne,Kentucky,20529,3868
Whitley,Kentucky,34963,6081
Woodford,Kentucky,24883,3859
Acadia Parish,Louisiana,60978,11294
Allen Parish,Louisiana,21542,3674
Ascension Parish,Louisiana,109182,14709
Assumption Parish,Louisiana,22929,3218
Avoyelles Parish,Louisiana,38418,6940
Beauregard Parish,Louisiana,34101,6060
Bossier Parish,Louisiana,115866,18390
Caddo Parish,Louisiana,250768,47073
Calcasieu Parish,Louisiana,191347,32499
Concordia Parish,Louisiana,19121,4247
De Soto Parish,Louisiana,26562,4717
East Baton Rouge Parish,Louisiana,438690,61844
East Feliciana Parish,Louisiana,18036,2684
Evangeline Parish,Louisiana,31340,5020
Franklin Parish,Louisiana,19376,4398
Grant Parish,Louisiana,19024,3761
Iberia Parish,Louisiana,72487,12576
Iberville Parish,Louisiana,29492,4455
Jefferson Parish,Louisiana,429899,80740
Jefferson Davis Parish,Louisiana,30995,4554
Lafayette Parish,Louisiana,222106,37279
Lafourche Parish,Louisiana,95881,17201
Lincoln Parish,Louisiana,46218,8652
Livingston Parish,Louisiana,129430,22127
Morehouse Parish,Louisiana,26797,6854
Natchitoches Parish,Louisiana,38799,7583
Orleans Parish,Louisiana,354225,68021
Ouachita Parish,Louisiana,149470,37809
Plaquemines Parish,Louisiana,22994,2886
Pointe Coupee Parish,Louisiana,22546,3261
Rapides Parish,Louisiana,129124,22995
Richland Parish,Louisiana,19956,7676
Sabine Parish,Louisiana,23917,4428
St. Bernard Parish,Louisiana,38956,5117
St. Charles Parish,Louisiana,52136,6887
St. James Parish,Louisiana,21618,2693
St. John the Baptist Parish,Louisiana,44455,6389
St. Landry Parish,Louisiana,82460,12659
St. Martin Parish,Louisiana,51976,8721
St. Mary Parish,Louisiana,53492,11313
St. Tammany Parish,Louisiana,234438,31292
Tangipahoa Parish,Louisiana,121278,21666
Terrebonne Parish,Louisiana,110408,20408
Union Parish,Louisiana,22253,4336
Vermilion Parish,Louisiana,57821,9266
Vernon Parish,Louisiana,46776,6174
Washington Parish,Louisiana,45278,8093
Webster Parish,Louisiana,40247,7393
West Baton Rouge Parish,Louisiana,23431,3081
Androscoggin,Maine,106475,9719
Aroostook,Maine,70391,7677
Cumberland,Maine,279388,24836
Franklin,Maine,30534,3667
Hancock,Maine,54016,8541
Kennebec,Maine,120719,10456
Knox,Maine,38699,5193
Lincoln,Maine,33920,3596
Oxford,Maine,57184,6677
Penobscot,Maine,152098,16213
Sagadahoc,Maine,34942,3059
Somerset,Maine,51430,5995
Waldo,Maine,38648,5244
Washington,Maine,32131,4277
York,Maine,196559,17609
Allegany,Maryland,68737,6491
Anne Arundel,Maryland,525161,41503
Baltimore,Maryland,803467,75546
Calvert,Maryland,87926,6069
Caroline,Maryland,32439,3980
Carroll,Maryland,165162,9373
Cecil,Maryland,100148,9722
Charles,Maryland,146608,11255
Dorchester,Maryland,32139,3469
Frederick,Maryland,234669,17518
Garrett,Maryland,29462,4039
Harford,Maryland,244313,15773
Howard,Maryland,291700,21825
Kent,Maryland,19831,1854
Montgomery,Maryland,981965,118325
Prince George's,Maryland,865845,134114
Queen Anne's,Maryland,47747,2518
St. Mary's,Maryland,104447,9350
Somerset,Maryland,21006,2940
Talbot,Maryland,37559,4366
Washington,Maryland,141033,13779
Wicomico,Maryland,98653,11279
Worcester,Maryland,50855,4679
Baltimore,Maryland,610750,81855
Barnstable,Massachusetts,212816,12368
Berkshire,Massachusetts,128352,4373
Bristol,Massachusetts,542963,24048
Essex,Massachusetts,742870,33526
Franklin,Massachusetts,70744,2775
Hampden,Massachusetts,459428,22058
Hampshire,Massachusetts,158110,5048
Middlesex,Massachusetts,1506698,56805
Norfolk,Massachusetts,668387,16948
Plymouth,Massachusetts,490017,18771
Suffolk,Massachusetts,727146,43456
Worcester,Massachusetts,791378,30123
Allegan,Michigan,110974,12360
Alpena,Michigan,29024,3822
Antrim,Michigan,23282,3419
Barry,Michigan,58439,5833
Bay,Michigan,106454,11698
Berrien,Michigan,155138,20058
Branch,Michigan,41995,5659
Calhoun,Michigan,134055,17417
Cass,Michigan,52153,7093
Charlevoix,Michigan,25733,2922
Cheboygan,Michigan,25708,3839
Chippewa,Michigan,34834,4859
Clare,Michigan,30476,4537
Clinton,Michigan,75059,6527
Delta,Michigan,36582,4850
Dickinson,Michigan,25753,2234
Eaton,Michigan,107286,10766
Emmet,Michigan,32473,4359
Genesee,Michigan,419029,44019
Gladwin,Michigan,25387,3648
Grand Traverse,Michigan,85856,11687
Gratiot,Michigan,38004,4452
Hillsdale,Michigan,46082,7081
Houghton,Michigan,36166,3767
Huron,Michigan,32385,3503
Ingham,Michigan,279755,26561
Ionia,Michigan,59565,6354
Iosco,Michigan,25251,3337
Isabella,Michigan,69912,9056
Jackson,Michigan,152989,19104
Kalamazoo,Michigan,250715,25563
Kent,Michigan,604469,64808
Lapeer,Michigan,86653,11007
Leelanau,Michigan,21515,2571
Lenawee,Michigan,96131,10365
Livingston,Michigan,181250,15034
Macomb,Michigan,837431,99231
Manistee,Michigan,23564,3291
Marquette,Michigan,65438,8214
Mason,Michigan,28403,3779
Mecosta,Michigan,42913,6920
Menominee,Michigan,23619,3156
Midland,Michigan,83233,8213
Monroe,Michigan,150503,13227
Montcalm,Michigan,60766,8672
Muskegon,Michigan,165860,19450
Newaygo,Michigan,47723,6623
Oakland,Michigan,1205634,123346
Oceana,Michigan,26267,4045
Ogemaw,Michigan,21289,2753
Osceola,Michigan,23110,3414
Otsego,Michigan,23934,3039
Ottawa,Michigan,265134,22280
Roscommon,Michigan,24047,3461
Saginaw,Michigan,195870,21971
St. Clair,Michigan,160492,19580
St. Joseph,Michigan,60388,7860
Sanilac,Michigan,42371,6231
Shiawassee,Michigan,69466,7999
Tuscola,Michigan,54451,6326
Van Buren,Michigan,75356,10928
Washtenaw,Michigan,344825,26032
Wayne,Michigan,1790569,269798
Wexford,Michigan,32453,4154
Anoka,Minnesota,330864,26814
Becker,Minnesota,32372,4068
Beltrami,Minnesota,44565,6625
Benton,Minnesota,38230,3760
Blue Earth,Minnesota,64021,4878
Brown,Minnesota,25378,1435
Carlton,Minnesota,34508,3004
Carver,Minnesota,92293,4815
Cass,Minnesota,28283,3039
Chisago,Minnesota,52426,4296
Clay,Minnesota,59096,4012
Crow Wing,Minnesota,62027,6238
Dakota,Minnesota,400368,29497
Dodge,Minnesota,20072,1459
Douglas,Minnesota,35785,2943
Fillmore,Minnesota,20441,2022
Freeborn,Minnesota,30727,2388
Goodhue,Minnesota,45471,4158
Hennepin,Minnesota,1159860,109322
Hubbard,Minnesota,20262,1925
Isanti,Minnesota,37762,3479
Itasca,Minnesota,44502,4259
Kandiyohi,Minnesota,41665,3774
Le Sueur,Minnesota,27523,2072
Lyon,Minnesota,25432,1723
McLeod,Minnesota,35961,3190
Martin,Minnesota,20396,1886
Meeker,Minnesota,22888,2182
Mille Lacs,Minnesota,25443,2491
Morrison,Minnesota,32860,2792
Mower,Minnesota,38883,4359
Nicollet,Minnesota,32618,1553
Nobles,Minnesota,21168,2825
Olmsted,Minnesota,143897,10339
Otter Tail,Minnesota,56366,4506
Pine,Minnesota,27929,2976
Polk,Minnesota,30965,2641
Ramsey,Minnesota,510614,54159
Rice,Minnesota,61534,5616
St. Louis,Minnesota,196673,15797
Scott,Minnesota,131717,8671
Sherburne,Minnesota,87394,7377
Stearns,Minnesota,150062,11472
Steele,Minnesota,36076,2438
Todd,Minnesota,24543,3319
Wabasha,Minnesota,21339,1390
Washington,Minnesota,239108,13755
Winona,Minnesota,51076,5157
Wright,Minnesota,125488,8604
Adams,Mississippi,30722,6158
Alcorn,Mississippi,36574,6310
Bolivar,Mississippi,33202,5919
Clay,Mississippi,20223,3589
Coahoma,Mississippi,25567,4923
Copiah,Mississippi,29028,5890
Covington,Mississippi,19308,3395
DeSoto,Mississippi,163081,24390
Forrest,Mississippi,74876,12887
George,Mississippi,22331,5140
Grenada,Mississippi,21383,3649
Hancock,Mississippi,44431,9564
Harrison,Mississippi,183249,38404
Hinds,Mississippi,244759,47432
Itawamba,Mississippi,23112,2667
Jackson,Mississippi,138491,26975
Jones,Mississippi,67399,13542
Lafayette,Mississippi,47881,7509
Lamar,Mississippi,56199,9196
Lauderdale,Mississippi,76566,10852
Leake,Mississippi,22236,4678
Lee,Mississippi,82842,12057
Leflore,Mississippi,30755,6906
Lincoln,Mississippi,34300,4952
Lowndes,Mississippi,57746,11515
Madison,Mississippi,96013,9830
Marion,Mississippi,25913,4972
Marshall,Mississippi,35583,6358
Monroe,Mississippi,36190,4757
Neshoba,Mississippi,29170,6022
Newton,Mississippi,21408,3746
Oktibbeha,Mississippi,47457,6059
Panola,Mississippi,34357,5493
Pearl River,Mississippi,54889,12454
Pike,Mississippi,39739,6949
Pontotoc,Mississippi,29918,5639
Prentiss,Mississippi,24986,4412
Rankin,Mississippi,138394,18236
Scott,Mississippi,27885,5542
Simpson,Mississippi,26751,5409
Sunflower,Mississippi,24825,4804
Tate,Mississippi,28301,4970
Tippah,Mississippi,21929,3521
Union,Mississippi,27049,5239
Warren,Mississippi,47833,9016
Washington,Mississippi,49811,10456
Wayne,Mississippi,20499,3832
Yazoo,Mississippi,24851,4674
Adair,Missouri,25253,3399
Audrain,Missouri,23976,3583
Barry,Missouri,35294,6539
Boone,Missouri,164659,16499
Buchanan,Missouri,86715,13496
Butler,Missouri,42310,6221
Callaway,Missouri,42044,5207
Camden,Missouri,43444,7713
Cape Girardeau,Missouri,75177,9041
Cass,Missouri,99052,11002
Christian,Missouri,78216,10899
Clay,Missouri,223452,24182
Clinton,Missouri,20208,2757
Cole,Missouri,72902,6878
Crawford,Missouri,24476,3232
Dunklin,Missouri,31186,5302
Franklin,Missouri,100689,12236
Greene,Missouri,273906,41799
Henry,Missouri,21970,3307
Howell,Missouri,40112,5691
Jackson,Missouri,669612,110024
Jasper,Missouri,115901,21515
Jefferson,Missouri,218087,24194
Johnson,Missouri,50059,5705
Laclede,Missouri,35140,6364
Lafayette,Missouri,32629,3638
Lawrence,Missouri,37922,5422
Lincoln,Missouri,52569,6121
McDonald,Missouri,22801,5342
Marion,Missouri,27944,3837
Miller,Missouri,24520,3578
Morgan,Missouri,20074,4657
Newton,Missouri,57954,9815
Nodaway,Missouri,22469,2286
Pettis,Missouri,41576,7223
Phelps,Missouri,44266,5537
Platte,Missouri,90018,6999
Polk,Missouri,30676,4173
Pulaski,Missouri,39742,4623
Randolph,Missouri,23419,3084
Ray,Missouri,22930,2264
St. Charles,Missouri,363327,27624
St. Francois,Missouri,57505,7765
St. Louis,Missouri,987336,99084
Saline,Missouri,22851,2939
Scott,Missouri,38729,5357
Stoddard,Missouri,29446,4789
Stone,Missouri,31624,5930
Taney,Missouri,52016,11903
Texas,Missouri,24316,3773
Vernon,Missouri,20445,3744
Warren,Missouri,32455,3427
Washington,Missouri,24069,4240
Webster,Missouri,35538,8124
St. Louis,Missouri,313828,59478
Cascade,Montana,78155,12010
Flathead,Montana,90491,20039
Gallatin,Montana,90875,12022
Lake,Montana,28673,7900
Lewis and Clark,Montana,63617,6785
Missoula,Montana,109527,19856
Ravalli,Montana,40200,8332
Silver Bow,Montana,33721,6139
Yellowstone,Montana,147984,23279
Adams,Nebraska,31027,3938
Buffalo,Nebraska,46146,4046
Cass,Nebraska,24813,2151
Dakota,Nebraska,20717,3403
Dawson,Nebraska,24060,3513
Dodge,Nebraska,35981,4234
Douglas,Nebraska,519152,66985
Gage,Nebraska,21725,1706
Hall,Nebraska,58762,10231
Lancaster,Nebraska,285402,30473
Lincoln,Nebraska,35753,3955
Madison,Nebraska,34282,4437
Platte,Nebraska,32178,3976
Sarpy,Nebraska,158689,11438
Saunders,Nebraska,20538,1628
Scotts Bluff,Nebraska,36467,5666
Washington,Nebraska,20013,1347
Churchill,Nevada,23580,4015
Clark,Nevada,1949811,441334
Douglas,Nevada,46449,6893
Elko,Nevada,49256,9466
Lyon,Nevada,51146,11543
Nye,Nevada,43104,9121
Washoe,Nevada,422528,92318
Carson,Nevada,53093,10766
Belknap,New Hampshire,59471,7275
Carroll,New Hampshire,47282,7560
Cheshire,New Hampshire,76136,8350
Coos,New Hampshire,31432,4968
Grafton,New Hampshire,88369,10809
Hillsborough,New Hampshire,398100,38798
Merrimack,New Hampshire,143297,14379
Rockingham,New Hampshire,294431,26218
Strafford,New Hampshire,122270,15914
Sullivan,New Hampshire,42991,5379
Atlantic,New Jersey,271832,36700
Bergen,New Jersey,907185,112291
Burlington,New Jersey,435836,35203
Camden,New Jersey,507635,60937
Cape May,New Jersey,94467,9948
Cumberland,New Jersey,146225,23242
Essex,New Jersey,774496,137516
Gloucester,New Jersey,287570,24384
Hudson,New Jersey,640707,139801
Hunterdon,New Jersey,123810,6607
Mercer,New Jersey,360572,39766
Middlesex,New Jersey,807797,110346
Monmouth,New Jersey,625548,61592
Morris,New Jersey,491670,41830
Ocean,New Jersey,573468,51010
Passaic,New Jersey,498820,94247
Salem,New Jersey,64966,7483
Somerset,New Jersey,323243,28424
Sussex,New Jersey,147013,12760
Union,New Jersey,536190,86567
Warren,New Jersey,107183,10054
Bernalillo,New Mexico,661925,110910
Chaves,New Mexico,64731,12424
Cibola,New Mexico,25822,6768
Curry,New Mexico,47216,7532
DoÒa Ana,New Mexico,208886,44441
Eddy,New Mexico,53589,8244
Grant,New Mexico,29014,4581
Lea,New Mexico,63843,14183
Lincoln,New Mexico,20212,3247
Luna,New Mexico,24781,5750
McKinley,New Mexico,72325,26476
Otero,New Mexico,61638,11289
Rio Arriba,New Mexico,40026,8434
Roosevelt,New Mexico,19947,3707
Sandoval,New Mexico,133314,19224
San Juan,New Mexico,127558,36731
San Miguel,New Mexico,28566,5435
Santa Fe,New Mexico,143361,29931
Taos,New Mexico,32617,6523
Valencia,New Mexico,74894,12199
Albany,New York,301301,21691
Allegany,New York,48219,4612
Bronx,New York,1373299,214482
Broome,New York,196384,17851
Cattaraugus,New York,79081,10083
Cayuga,New York,76437,8063
Chautauqua,New York,131573,11448
Chemung,New York,84319,7268
Chenango,New York,49581,5680
Clinton,New York,77360,5308
Columbia,New York,60793,5758
Cortland,New York,48956,3756
Delaware,New York,46977,4770
Dutchess,New York,290025,26886
Erie,New York,907425,63289
Essex,New York,36790,3688
Franklin,New York,46514,5345
Fulton,New York,54029,5939
Genesee,New York,59318,5644
Greene,New York,45790,4480
Herkimer,New York,63781,6210
Jefferson,New York,106421,10221
Kings,New York,2526960,354362
Lewis,New York,26760,2927
Livingston,New York,62458,3938
Madison,New York,72124,5183
Monroe,New York,739090,53896
Montgomery,New York,49317,5732
Nassau,New York,1334904,122804
New York,New York,1592812,172043
Niagara,New York,213549,16241
Oneida,New York,225634,16772
Onondaga,New York,461720,38767
Ontario,New York,107277,8851
Orange,New York,363562,36199
Orleans,New York,39985,3860
Oswego,New York,120995,10327
Otsego,New York,61321,4991
Putnam,New York,99154,9162
Queens,New York,2239821,408666
Rensselaer,New York,157764,10864
Richmond,New York,465978,35776
Rockland,New York,312548,31471
St. Lawrence,New York,108558,12992
Saratoga,New York,217357,14201
Schenectady,New York,153317,12797
Schoharie,New York,32269,2662
Seneca,New York,32609,4251
Steuben,New York,97921,11651
Suffolk,New York,1484172,151251
Sullivan,New York,75210,10389
Tioga,New York,50507,4415
Tompkins,New York,101132,6006
Ulster,New York,177804,19626
Warren,New York,64983,6164
Washington,New York,59855,6137
Wayne,New York,92078,9092
Westchester,New York,942885,105179
Wyoming,New York,38314,3694
Yates,New York,24977,4581
Alamance,North Carolina,151650,26788
Alexander,North Carolina,36255,5270
Anson,North Carolina,24514,4357
Ashe,North Carolina,26904,4847
Beaufort,North Carolina,47264,8133
Bertie,North Carolina,19790,2598
Bladen,North Carolina,34487,6983
Brunswick,North Carolina,109378,17061
Buncombe,North Carolina,237559,42297
Burke,North Carolina,88136,14555
Cabarrus,North Carolina,179975,30968
Caldwell,North Carolina,81448,13325
Carteret,North Carolina,65487,11667
Caswell,North Carolina,22244,3547
Catawba,North Carolina,152849,24118
Chatham,North Carolina,64306,9790
Cherokee,North Carolina,26944,5512
Cleveland,North Carolina,97086,15682
Columbus,North Carolina,54982,11470
Craven,North Carolina,97042,15111
Cumberland,North Carolina,294658,43411
Currituck,North Carolina,23503,4225
Dare,North Carolina,34101,6835
Davidson,North Carolina,161383,24991
Davie,North Carolina,40988,5229
Duplin,North Carolina,58730,14084
Durham,North Carolina,268316,46576
Edgecombe,North Carolina,54955,11212
Forsyth,North Carolina,351459,59310
Franklin,North Carolina,60084,11159
Gaston,North Carolina,204919,37297
Granville,North Carolina,56750,8592
Greene,North Carolina,19409,3372
Guilford,North Carolina,491815,82729
Halifax,North Carolina,52819,8884
Harnett,North Carolina,113479,18951
Haywood,North Carolina,58165,9482
Henderson,North Carolina,106460,18740
Hertford,North Carolina,22978,3775
Hoke,North Carolina,45016,6846
Iredell,North Carolina,159824,24477
Jackson,North Carolina,40015,7479
Johnston,North Carolina,170691,29117
Lee,North Carolina,57535,11010
Lenoir,North Carolina,58478,10755
Lincoln,North Carolina,78256,12151
McDowell,North Carolina,44152,6609
Macon,North Carolina,33603,7078
Madison,North Carolina,20543,3001
Martin,North Carolina,24131,4863
Mecklenburg,North Carolina,940130,158548
Montgomery,North Carolina,26675,5141
Moore,North Carolina,87527,10491
Nash,North Carolina,94227,15712
New Hanover,North Carolina,203910,32775
Northampton,North Carolina,21083,3708
Onslow,North Carolina,149315,20990
Orange,North Carolina,134985,16171
Pasquotank,North Carolina,38887,7014
Pender,North Carolina,51464,9725
Person,North Carolina,39051,6143
Pitt,North Carolina,169236,25499
Polk,North Carolina,20056,2935
Randolph,North Carolina,141040,25089
Richmond,North Carolina,45283,8780
Robeson,North Carolina,132243,31251
Rockingham,North Carolina,92278,13664
Rowan,North Carolina,135106,25570
Rutherford,North Carolina,66382,11796
Sampson,North Carolina,63050,12175
Scotland,North Carolina,34694,5607
Stanly,North Carolina,59076,8449
Stokes,North Carolina,46691,6670
Surry,North Carolina,72828,13488
Transylvania,North Carolina,32487,5269
Union,North Carolina,204350,28960
Vance,North Carolina,44783,7870
Wake,North Carolina,921088,129423
Warren,North Carolina,19975,3641
Watauga,North Carolina,51199,6631
Wayne,North Carolina,118695,20272
Wilkes,North Carolina,68257,12251
Wilson,North Carolina,80437,15640
Yadkin,North Carolina,37920,5670
Burleigh,North Dakota,81885,6441
Cass,North Dakota,151770,14106
Grand Forks,North Dakota,65440,5168
Morton,North Dakota,27316,1795
Stark,North Dakota,24988,2093
Stutsman,North Dakota,20087,1635
Ward,North Dakota,60225,5787
Williams,North Dakota,24258,2468
Adams,Ohio,28227,5491
Allen,Ohio,102944,12370
Ashland,Ohio,52444,8823
Ashtabula,Ohio,97915,13505
Athens,Ohio,63970,6626
Auglaize,Ohio,45260,4054
Belmont,Ohio,66245,7219
Brown,Ohio,44141,6836
Butler,Ohio,366519,38535
Carroll,Ohio,28446,4284
Champaign,Ohio,39313,4325
Clark,Ohio,135939,16567
Clermont,Ohio,197212,22265
Clinton,Ohio,41608,5222
Columbiana,Ohio,103546,13135
Coshocton,Ohio,36498,6176
Crawford,Ohio,42780,5145
Cuyahoga,Ohio,1255300,149555
Darke,Ohio,52187,6615
Defiance,Ohio,38558,4423
Delaware,Ohio,177268,8166
Erie,Ohio,75649,8235
Fairfield,Ohio,144363,13732
Fayette,Ohio,28452,4851
Franklin,Ohio,1172709,155889
Fulton,Ohio,42186,3430
Gallia,Ohio,30419,4674
Geauga,Ohio,92827,10636
Greene,Ohio,159185,12850
Guernsey,Ohio,39472,5366
Hamilton,Ohio,792469,93087
Hancock,Ohio,74409,8972
Hardin,Ohio,31615,4654
Henry,Ohio,27776,3017
Highland,Ohio,42944,7934
Hocking,Ohio,28689,3693
Holmes,Ohio,41959,19445
Huron,Ohio,58881,6243
Jackson,Ohio,32823,4205
Jefferson,Ohio,68248,7974
Knox,Ohio,60374,9622
Lake,Ohio,227865,22381
Lawrence,Ohio,61755,7731
Licking,Ohio,165828,18855
Logan,Ohio,45237,6390
Lorain,Ohio,294577,29719
Lucas,Ohio,434613,55817
Madison,Ohio,38979,5339
Mahoning,Ohio,230901,25448
Marion,Ohio,60697,8290
Medina,Ohio,172049,15371
Meigs,Ohio,23472,3779
Mercer,Ohio,40473,3626
Miami,Ohio,101899,11516
Montgomery,Ohio,526374,65748
Morrow,Ohio,34491,4067
Muskingum,Ohio,85167,11055
Ottawa,Ohio,40826,4235
Perry,Ohio,35830,4637
Pickaway,Ohio,52137,5406
Pike,Ohio,28223,4167
Portage,Ohio,160471,17612
Preble,Ohio,41679,5310
Putnam,Ohio,34031,1805
Richland,Ohio,116663,13959
Ross,Ohio,71768,9164
Sandusky,Ohio,59788,6506
Scioto,Ohio,76219,12048
Seneca,Ohio,55537,6155
Shelby,Ohio,48808,5075
Stark,Ohio,370142,44595
Summit,Ohio,536067,62084
Trumbull,Ohio,204973,27267
Tuscarawas,Ohio,91395,11542
Union,Ohio,49357,4015
Van Wert,Ohio,28395,2566
Warren,Ohio,210233,15118
Washington,Ohio,60860,7020
Wayne,Ohio,113423,17586
Williams,Ohio,36509,4224
Wood,Ohio,125802,9940
Wyandot,Ohio,22271,2306
Adair,Oklahoma,22334,6417
Beckham,Oklahoma,20391,4026
Bryan,Oklahoma,42634,9681
Caddo,Oklahoma,27891,6790
Canadian,Oklahoma,117331,13789
Carter,Oklahoma,47204,9174
Cherokee,Oklahoma,47142,12316
Cleveland,Oklahoma,255828,35421
Comanche,Oklahoma,111893,18371
Creek,Oklahoma,69754,13720
Custer,Oklahoma,27451,6513
Delaware,Oklahoma,41039,9044
Garfield,Oklahoma,58621,9498
Garvin,Oklahoma,27094,5628
Grady,Oklahoma,52142,9130
Jackson,Oklahoma,24690,4519
Kay,Oklahoma,45409,8628
Le Flore,Oklahoma,49033,11911
Lincoln,Oklahoma,33903,6467
Logan,Oklahoma,42602,7191
McClain,Oklahoma,34927,5469
McCurtain,Oklahoma,32708,8084
McIntosh,Oklahoma,20110,4296
Mayes,Oklahoma,40846,9089
Muskogee,Oklahoma,68034,14618
Oklahoma,Oklahoma,720267,142927
Okmulgee,Oklahoma,39324,6691
Osage,Oklahoma,46320,7992
Ottawa,Oklahoma,31559,6439
Payne,Oklahoma,76632,11238
Pittsburg,Oklahoma,43263,8385
Pontotoc,Oklahoma,37301,7616
Pottawatomie,Oklahoma,68139,12587
Rogers,Oklahoma,86881,11498
Seminole,Oklahoma,25086,5885
Sequoyah,Oklahoma,41523,9695
Stephens,Oklahoma,44392,7103
Texas,Oklahoma,21013,4832
Tulsa,Oklahoma,603662,113880
Wagoner,Oklahoma,73926,11475
Washington,Oklahoma,51017,7858
Benton,Oregon,85683,10240
Clackamas,Oregon,378547,46105
Clatsop,Oregon,36368,6976
Columbia,Oregon,49001,6268
Coos,Oregon,61776,9624
Crook,Oregon,20638,3241
Curry,Oregon,22191,4303
Deschutes,Oregon,159273,27720
Douglas,Oregon,106747,17488
Hood River,Oregon,22395,4316
Jackson,Oregon,203704,39841
Jefferson,Oregon,20753,4464
Josephine,Oregon,81961,14125
Klamath,Oregon,65710,11400
Lane,Oregon,351526,57247
Lincoln,Oregon,45639,8760
Linn,Oregon,116942,19602
Malheur,Oregon,28167,5985
Marion,Oregon,312424,58250
Multnomah,Oregon,742231,121847
Polk,Oregon,75622,8847
Tillamook,Oregon,24493,3637
Umatilla,Oregon,72707,13887
Union,Oregon,25434,4029
Wasco,Oregon,24883,5396
Washington,Oregon,536219,75067
Yamhill,Oregon,97614,14913
Adams,Pennsylvania,100101,9564
Allegheny,Pennsylvania,1211712,97088
Armstrong,Pennsylvania,68114,5913
Beaver,Pennsylvania,168768,13072
Bedford,Pennsylvania,48912,6053
Berks,Pennsylvania,407798,41052
Blair,Pennsylvania,125228,12308
Bradford,Pennsylvania,62183,7715
Bucks,Pennsylvania,620599,41442
Butler,Pennsylvania,182265,14006
Cambria,Pennsylvania,137904,11621
Carbon,Pennsylvania,64367,7472
Centre,Pennsylvania,151887,11181
Chester,Pennsylvania,498340,41481
Clarion,Pennsylvania,39414,4139
Clearfield,Pennsylvania,76789,7618
Clinton,Pennsylvania,38797,4260
Columbia,Pennsylvania,66257,4961
Crawford,Pennsylvania,86308,11893
Cumberland,Pennsylvania,230813,17296
Dauphin,Pennsylvania,265112,26885
Delaware,Pennsylvania,552341,48613
Elk,Pennsylvania,31408,2258
Erie,Pennsylvania,275436,25140
Fayette,Pennsylvania,132951,15292
Franklin,Pennsylvania,149191,19550
Greene,Pennsylvania,34421,3107
Huntingdon,Pennsylvania,42117,3900
Indiana,Pennsylvania,86993,9271
Jefferson,Pennsylvania,44486,5428
Juniata,Pennsylvania,24469,3452
Lackawanna,Pennsylvania,211106,20391
Lancaster,Pennsylvania,516880,70263
Lawrence,Pennsylvania,89291,8845
Lebanon,Pennsylvania,132653,14694
Lehigh,Pennsylvania,348325,39974
Luzerne,Pennsylvania,313683,31115
Lycoming,Pennsylvania,113823,12116
McKean,Pennsylvania,41132,3751
Mercer,Pennsylvania,112498,11170
Mifflin,Pennsylvania,46228,8638
Monroe,Pennsylvania,168511,21176
Montgomery,Pennsylvania,792452,52878
Northampton,Pennsylvania,295393,26219
Northumberland,Pennsylvania,89891,9835
Perry,Pennsylvania,45372,5739
Philadelphia,Pennsylvania,1522630,219339
Pike,Pennsylvania,56876,6736
Schuylkill,Pennsylvania,140888,14263
Snyder,Pennsylvania,39352,5412
Somerset,Pennsylvania,73217,7822
Susquehanna,Pennsylvania,42658,5345
Tioga,Pennsylvania,41887,5239
Union,Pennsylvania,39582,4531
Venango,Pennsylvania,53863,5509
Warren,Pennsylvania,40738,4108
Washington,Pennsylvania,206485,16795
Wayne,Pennsylvania,48983,5949
Westmoreland,Pennsylvania,359776,27221
Wyoming,Pennsylvania,27824,2709
York,Pennsylvania,431987,40097
Bristol,Rhode Island,48719,4313
Kent,Rhode Island,163968,13941
Newport,Rhode Island,79830,6982
Providence,Rhode Island,617610,84303
Washington,Rhode Island,125238,9086
Abbeville,South Carolina,24991,3575
Aiken,South Carolina,160236,25095
Anderson,South Carolina,186698,30226
Barnwell,South Carolina,22150,3212
Beaufort,South Carolina,156341,28188
Berkeley,South Carolina,178189,33535
Charleston,South Carolina,351053,59977
Cherokee,South Carolina,55071,9501
Chester,South Carolina,32573,5360
Chesterfield,South Carolina,45954,9031
Clarendon,South Carolina,33090,6818
Colleton,South Carolina,38082,7887
Darlington,South Carolina,67589,12274
Dillon,South Carolina,31336,6239
Dorchester,South Carolina,136908,20166
Edgefield,South Carolina,24007,3678
Fairfield,South Carolina,23256,3418
Florence,South Carolina,135760,21400
Georgetown,South Carolina,59585,13225
Greenville,South Carolina,455680,75301
Greenwood,South Carolina,68296,12912
Hampton,South Carolina,19486,3265
Horry,South Carolina,274797,65261
Jasper,South Carolina,24334,6357
Kershaw,South Carolina,61533,10401
Lancaster,South Carolina,76307,12883
Laurens,South Carolina,65326,11449
Lexington,South Carolina,263961,38625
Marion,South Carolina,32423,6523
Marlboro,South Carolina,25331,4547
Newberry,South Carolina,37041,5137
Oconee,South Carolina,73856,12849
Orangeburg,South Carolina,91001,18140
Pickens,South Carolina,118728,16415
Richland,South Carolina,365733,50249
Spartanburg,South Carolina,282357,50609
Sumter,South Carolina,103606,17570
Union,South Carolina,28163,4242
Williamsburg,South Carolina,32256,7984
York,South Carolina,228892,34179
Brookings,South Dakota,32095,2937
Brown,South Dakota,36328,2586
Codington,South Dakota,27125,2371
Lawrence,South Dakota,24046,3581
Lincoln,South Dakota,46461,2519
Meade,South Dakota,24408,2268
Minnehaha,South Dakota,169317,18151
Pennington,South Dakota,99692,13460
Yankton,South Dakota,20978,2184
Anderson,Tennessee,74420,9380
Bedford,Tennessee,44981,7434
Blount,Tennessee,122481,15714
Bradley,Tennessee,99249,13722
Campbell,Tennessee,40048,5883
Carroll,Tennessee,27975,3741
Carter,Tennessee,56342,8358
Cheatham,Tennessee,38781,5351
Claiborne,Tennessee,31574,3561
Cocke,Tennessee,35247,6473
Coffee,Tennessee,52345,8135
Cumberland,Tennessee,56095,9275
Davidson,Tennessee,628037,107807
Dickson,Tennessee,49706,5830
Dyer,Tennessee,37749,4463
Fayette,Tennessee,38107,4065
Franklin,Tennessee,40450,4555
Gibson,Tennessee,48786,7188
Giles,Tennessee,28922,4457
Grainger,Tennessee,22518,2988
Greene,Tennessee,67762,9405
Hamblen,Tennessee,62043,10092
Hamilton,Tennessee,337705,44132
Hardeman,Tennessee,23645,3722
Hardin,Tennessee,25588,3904
Hawkins,Tennessee,56175,6460
Henderson,Tennessee,27663,3540
Henry,Tennessee,31659,4739
Hickman,Tennessee,22936,4226
Jefferson,Tennessee,51099,7843
Knox,Tennessee,433399,51226
Lauderdale,Tennessee,24914,4599
Lawrence,Tennessee,41635,7056
Lincoln,Tennessee,33058,4164
Loudon,Tennessee,48784,5491
McMinn,Tennessee,51456,7636
McNairy,Tennessee,25764,3887
Macon,Tennessee,22120,3955
Madison,Tennessee,97083,14280
Marion,Tennessee,27960,4373
Marshall,Tennessee,30522,5394
Maury,Tennessee,80272,10040
Monroe,Tennessee,44369,7277
Montgomery,Tennessee,166643,20850
Morgan,Tennessee,18753,2405
Obion,Tennessee,31116,4757
Overton,Tennessee,21871,2571
Putnam,Tennessee,72162,11832
Rhea,Tennessee,31647,4257
Roane,Tennessee,53296,6720
Robertson,Tennessee,66115,8732
Rutherford,Tennessee,266635,35598
Scott,Tennessee,21946,4601
Sevier,Tennessee,90578,19161
Shelby,Tennessee,922765,147722
Sullivan,Tennessee,154915,19950
Sumner,Tennessee,162217,20372
Tipton,Tennessee,60317,7047
Warren,Tennessee,39359,6719
Washington,Tennessee,122504,15671
Weakley,Tennessee,34355,4529
White,Tennessee,25639,3826
Williamson,Tennessee,187792,11898
Wilson,Tennessee,115866,13234
Anderson,Texas,46817,10500
Angelina,Texas,84788,16239
Aransas,Texas,23071,4677
Atascosa,Texas,45247,9746
Austin,Texas,28341,5583
Bandera,Texas,20357,4385
Bastrop,Texas,72500,15884
Bee,Texas,24340,4975
Bell,Texas,291773,47332
Bexar,Texas,1717375,348188
Bowie,Texas,88027,16591
Brazoria,Texas,309369,61885
Brazos,Texas,194118,31278
Brown,Texas,36710,7023
Burnet,Texas,42784,8599
Caldwell,Texas,36158,9416
Calhoun,Texas,21228,3617
Cameron,Texas,409149,140401
Cass,Texas,29828,6313
Chambers,Texas,35386,5684
Cherokee,Texas,48829,11845
Collin,Texas,808959,120776
Colorado,Texas,20420,4682
Comal,Texas,110716,18205
Cooke,Texas,37906,8061
Coryell,Texas,61250,6733
Dallas,Texas,2389874,662346
Denton,Texas,682501,109161
DeWitt,Texas,18523,4007
Ector,Texas,138957,39205
Ellis,Texas,151116,29360
El Paso,Texas,792650,223269
Erath,Texas,38278,9805
Fannin,Texas,31239,6262
Fayette,Texas,24215,3816
Fort Bend,Texas,603254,111791
Galveston,Texas,292244,51487
Gillespie,Texas,24561,4492
Gray,Texas,20908,4653
Grayson,Texas,120080,25163
Gregg,Texas,120197,26486
Grimes,Texas,23559,4537
Guadalupe,Texas,133654,21172
Hale,Texas,33704,7076
Hardin,Texas,54608,9875
Harris,Texas,4157279,1101813
Harrison,Texas,65921,14883
Hays,Texas,162037,29467
Henderson,Texas,77994,18719
Hidalgo,Texas,787649,287687
Hill,Texas,34478,7367
Hockley,Texas,22814,5283
Hood,Texas,50948,10573
Hopkins,Texas,34753,8572
Houston,Texas,20829,4618
Howard,Texas,29733,6371
Hunt,Texas,85799,19123
Hutchinson,Texas,21779,4955
Jasper,Texas,35050,8732
Jefferson,Texas,237586,56121
Jim Wells,Texas,40767,9644
Johnson,Texas,149851,35359
Jones,Texas,12916,2528
Kaufman,Texas,104218,22223
Kendall,Texas,34307,5033
Kerr,Texas,48720,9653
Kleberg,Texas,31274,7737
Lamar,Texas,48968,9563
Lampasas,Texas,19265,4050
Liberty,Texas,70287,17508
Limestone,Texas,22349,5238
Lubbock,Texas,279008,51948
McLennan,Texas,233321,44672
Matagorda,Texas,36172,9247
Maverick,Texas,54321,19949
Medina,Texas,43544,7876
Midland,Texas,140206,30494
Milam,Texas,24086,4588
Montgomery,Texas,469747,91001
Moore,Texas,21922,5278
Nacogdoches,Texas,64557,15214
Navarro,Texas,47193,11377
Nueces,Texas,338903,70223
Orange,Texas,81774,17371
Palo Pinto,Texas,27697,6812
Panola,Texas,23655,4096
Parker,Texas,115462,21443
Polk,Texas,41047,8894
Potter,Texas,116890,32384
Randall,Texas,122416,19995
Rockwall,Texas,80374,12213
Rusk,Texas,48852,10706
San Jacinto,Texas,26651,6228
San Patricio,Texas,63945,13809
Shelby,Texas,25399,7117
Smith,Texas,210513,45125
Starr,Texas,60914,24406
Tarrant,Texas,1832366,398135
Taylor,Texas,128544,24748
Titus,Texas,32210,8410
Tom Green,Texas,106723,21533
Travis,Texas,1055358,210238
Tyler,Texas,19478,4072
Upshur,Texas,39172,8219
Uvalde,Texas,26200,6348
Val Verde,Texas,46569,11597
Van Zandt,Texas,51826,12243
Victoria,Texas,86797,18489
Walker,Texas,50043,8771
Waller,Texas,43685,12050
Washington,Texas,33307,5679
Webb,Texas,252899,89402
Wharton,Texas,40991,10262
Wichita,Texas,118243,23291
Willacy,Texas,19443,6083
Williamson,Texas,438046,65983
Wilson,Texas,43106,6752
Wise,Texas,58914,12520
Wood,Texas,40958,7898
Box Elder,Utah,49742,5251
Cache,Utah,113857,14389
Carbon,Utah,21131,2765
Davis,Utah,308757,29239
Iron,Utah,46055,10574
Salt Lake,Utah,1039472,171605
Sanpete,Utah,25753,4707
Sevier,Utah,20276,3886
Summit,Utah,37198,5048
Tooele,Utah,58368,6319
Uintah,Utah,33054,6489
Utah,Utah,526722,71788
Wasatch,Utah,24291,4076
Washington,Utah,140327,24009
Weber,Utah,231552,37378
Addison,Vermont,36597,2685
Bennington,Vermont,36340,2177
Caledonia,Vermont,30742,2735
Chittenden,Vermont,156573,8537
Franklin,Vermont,47530,3513
Lamoille,Vermont,24578,2589
Orange,Vermont,28878,2311
Orleans,Vermont,26544,2684
Rutland,Vermont,60526,4604
Washington,Vermont,59022,4119
Windham,Vermont,43795,3187
Windsor,Vermont,55606,3722
Accomack,Virginia,32838,6280
Albemarle,Virginia,99517,8894
Amherst,Virginia,31834,4548
Arlington,Virginia,211430,24661
Augusta,Virginia,69643,8069
Bedford,Virginia,68982,6948
Botetourt,Virginia,32775,1689
Buchanan,Virginia,22920,2550
Campbell,Virginia,54577,7853
Caroline,Virginia,27071,4243
Carroll,Virginia,29779,4833
Chesterfield,Virginia,317354,35692
Culpeper,Virginia,45649,6528
Dinwiddie,Virginia,27610,4578
Fairfax,Virginia,1089004,139929
Fauquier,Virginia,65511,6609
Fluvanna,Virginia,24463,2298
Franklin,Virginia,56020,7773
Frederick,Virginia,78221,8792
Gloucester,Virginia,36226,4080
Goochland,Virginia,19621,1398
Halifax,Virginia,35276,5281
Hanover,Virginia,99361,5862
Henrico,Virginia,308402,38850
Henry,Virginia,52890,9315
Isle of Wight,Virginia,34917,3374
James,Virginia,66542,4701
King George,Virginia,23529,1238
Lee,Virginia,24174,3757
Loudoun,Virginia,324507,29484
Louisa,Virginia,33275,5327
Mecklenburg,Virginia,30688,4376
Montgomery,Virginia,94296,8843
Orange,Virginia,33404,4521
Page,Virginia,23781,3883
Pittsylvania,Virginia,62364,8873
Powhatan,Virginia,25044,2051
Prince Edward,Virginia,22320,3243
Prince George,Virginia,30534,2692
Prince William,Virginia,410112,57295
Pulaski,Virginia,33915,4452
Roanoke,Virginia,91261,6553
Rockbridge,Virginia,22191,2932
Rockingham,Virginia,76556,11885
Russell,Virginia,28451,5145
Scott,Virginia,22467,2708
Shenandoah,Virginia,41929,5668
Smyth,Virginia,31365,4640
Spotsylvania,Virginia,123229,15149
Stafford,Virginia,125569,11106
Tazewell,Virginia,43716,6921
Warren,Virginia,37423,4773
Washington,Virginia,54299,6424
Wise,Virginia,38966,6504
Wythe,Virginia,28932,4705
York,Virginia,62731,3631
Alexandria,Virginia,140313,22037
Charlottesville,Virginia,43287,5093
Chesapeake,Virginia,215357,21260
Danville,Virginia,41756,6371
Fairfax,Virginia,22595,2801
Fredericksburg,Virginia,25665,3865
Hampton,Virginia,131500,15800
Harrisonburg,Virginia,49107,6952
Hopewell,Virginia,22204,4389
Lynchburg,Virginia,74775,10374
Manassas,Virginia,39245,8589
Newport News,Virginia,171265,25636
Norfolk,Virginia,219848,38013
Petersburg,Virginia,31269,7269
Portsmouth,Virginia,91439,12274
Richmond,Virginia,204425,34757
Roanoke,Virginia,95698,16463
Salem,Virginia,24381,2989
Staunton,Virginia,23370,3514
Suffolk,Virginia,82224,8332
Virginia Beach,Virginia,418854,44617
Waynesboro,Virginia,20931,2877
Winchester,Virginia,26294,4787
Asotin,Washington,21560,3139
Benton,Washington,178421,25319
Chelan,Washington,72685,15242
Clallam,Washington,70248,10074
Clark,Washington,430397,59942
Cowlitz,Washington,101348,13597
Douglas,Washington,38729,8041
Franklin,Washington,80951,16602
Grant,Washington,89962,19141
Grays Harbor,Washington,69289,11977
Island,Washington,74465,7946
Jefferson,Washington,29056,3962
King,Washington,1959243,244501
Kitsap,Washington,240385,27137
Kittitas,Washington,41168,5883
Klickitat,Washington,20549,2971
Lewis,Washington,74883,11304
Mason,Washington,59417,10506
Okanogan,Washington,40747,8695
Pacific,Washington,20563,3565
Pierce,Washington,779675,110391
Skagit,Washington,116474,18784
Snohomish,Washington,714129,95710
Spokane,Washington,465008,61487
Stevens,Washington,43208,6660
Thurston,Washington,250276,30661
Walla Walla,Washington,56213,9432
Whatcom,Washington,202051,26429
Whitman,Washington,45236,4366
Yakima,Washington,243034,60059
Berkeley,West Virginia,104978,14824
Boone,West Virginia,24398,3314
Brooke,West Virginia,23739,3208
Cabell,West Virginia,95168,13795
Fayette,West Virginia,44426,8008
Greenbrier,West Virginia,35028,5127
Hampshire,West Virginia,23305,5816
Hancock,West Virginia,30183,4150
Harrison,West Virginia,68604,10817
Jackson,West Virginia,29014,3607
Jefferson,West Virginia,54004,6381
Kanawha,West Virginia,190734,24897
Lincoln,West Virginia,21571,3074
Logan,West Virginia,35849,5928
McDowell,West Virginia,21311,4188
Marion,West Virginia,56034,7718
Marshall,West Virginia,32433,3954
Mason,West Virginia,26527,3427
Mercer,West Virginia,61987,8970
Mineral,West Virginia,27914,5345
Mingo,West Virginia,26402,4418
Monongalia,West Virginia,97018,12308
Nicholas,West Virginia,26005,4062
Ohio,West Virginia,43667,5320
Preston,West Virginia,31480,4851
Putnam,West Virginia,55690,7219
Raleigh,West Virginia,75900,10246
Randolph,West Virginia,27604,3644
Upshur,West Virginia,24183,3879
Wayne,West Virginia,41881,6552
Wood,West Virginia,86234,12206
Wyoming,West Virginia,23444,2626
Adams,Wisconsin,19491,1811
Barron,Wisconsin,45285,4620
Brown,Wisconsin,247360,22668
Calumet,Wisconsin,49224,2253
Chippewa,Wisconsin,60847,5009
Clark,Wisconsin,34110,7525
Columbia,Wisconsin,55211,4508
Dane,Wisconsin,492280,33394
Dodge,Wisconsin,83390,6089
Door,Wisconsin,27485,2259
Douglas,Wisconsin,43317,5380
Dunn,Wisconsin,43613,4036
Eau Claire,Wisconsin,98867,8690
Fond du Lac,Wisconsin,100140,8282
Grant,Wisconsin,50042,4934
Green,Wisconsin,36572,2748
Iowa,Wisconsin,23593,1717
Jackson,Wisconsin,19103,1989
Jefferson,Wisconsin,83482,6207
Juneau,Wisconsin,25755,2966
Kenosha,Wisconsin,165411,18186
Kewaunee,Wisconsin,20433,1305
La Crosse,Wisconsin,114263,8206
Langlade,Wisconsin,19526,2249
Lincoln,Wisconsin,27958,1961
Manitowoc,Wisconsin,80309,5682
Marathon,Wisconsin,133109,12165
Marinette,Wisconsin,40937,3482
Milwaukee,Wisconsin,942971,118189
Monroe,Wisconsin,44012,5909
Oconto,Wisconsin,37293,3048
Oneida,Wisconsin,35213,3377
Outagamie,Wisconsin,176347,12333
Ozaukee,Wisconsin,86062,3669
Pierce,Wisconsin,40616,3412
Polk,Wisconsin,43474,4690
Portage,Wisconsin,69829,5555
Racine,Wisconsin,190767,19939
Rock,Wisconsin,158823,17206
St. Croix,Wisconsin,84171,7100
Sauk,Wisconsin,61640,6192
Shawano,Wisconsin,41114,4351
Sheboygan,Wisconsin,112735,8925
Taylor,Wisconsin,20401,2135
Trempealeau,Wisconsin,28612,2592
Vernon,Wisconsin,29704,5039
Vilas,Wisconsin,21184,2122
Walworth,Wisconsin,101588,10948
Washington,Wisconsin,131359,7545
Waukesha,Wisconsin,388112,19028
Waupaca,Wisconsin,50828,3628
Waushara,Wisconsin,23294,2686
Winnebago,Wisconsin,162666,13034
Wood,Wisconsin,73937,4315
Albany,Wyoming,36663,4425
Campbell,Wyoming,46563,8002
Fremont,Wyoming,40099,8601
Laramie,Wyoming,90067,11951
Natrona,Wyoming,75767,11526
Park,Wyoming,28235,3759
Sheridan,Wyoming,28835,4034
Sweetwater,Wyoming,44047,6710
Teton,Wyoming,21396,5170
Uinta,Wyoming,20852,2768